{"Intersection": "Avenue 50 & Meridian St", "Pre_Mean": 16.375894815569005, "Post_Mean": 14.129798127171924, "Pre_Std": 1.3268766943987642, "Post_Std": 0.7881150969315787, "Pre_SE": 0.06062654362175917, "Post_SE": 0.036085311390332456, "Pre_85th": 20.5302524652601, "Post_85th": 17.764402118647816, "Pre_95th": 24.536047162044106, "Post_95th": 21.650608801761415, "Pre_Max_85th": 28.0, "Post_Max_85th": 26.0}