{"Intersection": "Buchanan St & Nolden St", "Pre_Mean": 16.206961077844312, "Post_Mean": 15.035572049239681, "Pre_Std": 1.6876788576707293, "Post_Std": 1.553505653018905, "Pre_SE": 0.26684545745753185, "Post_SE": 0.07188766834952766, "Pre_85th": 21.909056886227546, "Post_85th": 20.260137581462708, "Pre_95th": 26.855538922155688, "Post_95th": 24.895878590393433, "Pre_Max_85th": 29.0, "Post_Max_85th": 39.0, "T_Statistic": 6.385724695973153, "P_Value": 2.127291867309671e-07, "Pre_Volume": 2672, "Post_Volume": 33249, "Combined Volume": 35921, "Pre_Treatment_Volume": 2672, "Post_Treatment_Volume": 33249, "Combined_Volumne": 35921}