{"Intersection": "Cimarron St & 29th St", "Pre_Mean": 16.908614187141577, "Post_Mean": 16.05146952775705, "Pre_Std": 1.746676632935599, "Post_Std": 1.3484199076988914, "Pre_SE": 0.04261454633748373, "Post_SE": 0.032898077157215065, "Pre_85th": 20.70696627220996, "Post_85th": 19.965661898879436, "Pre_95th": 23.54563907369701, "Post_95th": 22.736033685953107, "Pre_Max_85th": 32.0, "Post_Max_85th": 31.0}