{"Intersection": "Cimarron & 39th St", "Pre_Mean": 16.589783736528318, "Post_Mean": 15.686531862438141, "Pre_Std": 1.3870513465607173, "Post_Std": 1.1245719620788701, "Pre_SE": 0.0026254847978827273, "Post_SE": 0.0021272669117570666, "Pre_85th": 20.80545961362073, "Post_85th": 19.85274468899727, "Pre_95th": 25.089984378582894, "Post_95th": 23.860992532213107, "Pre_Max_85th": 52.0, "Post_Max_85th": 35.0, "T_Statistic": 23.058424664491053, "P_Value": 3.611254843816971e-102, "Pre_Volume": 279104, "Post_Volume": 279467, "Combined Volume": 558571, "Pre_Treatment_Volume": 279104, "Post_Treatment_Volume": 279467, "Combined_Volumne": 558571}