{"Intersection": "Oakwood Ave & Hayworth Ave", "Pre_Mean": 14.200453235686169, "Post_Mean": 14.034471568440013, "Pre_Std": 2.8186657150295016, "Post_Std": 2.71144836083779, "Pre_SE": 0.0699871241156156, "Post_SE": 0.0679136667499558, "Pre_85th": 19.274258163721157, "Post_85th": 19.096155878002396, "Pre_95th": 24.26689007348824, "Post_95th": 24.007388381851296, "Pre_Max_85th": 35.0, "Post_Max_85th": 33.0}