{"Intersection": "Texas Ave & Westgate Ave", "Pre_Mean": 13.928610749912204, "Post_Mean": 13.555287303276364, "Pre_Std": 1.5171533993837891, "Post_Std": 1.485778222733631, "Pre_SE": 0.03739508968082319, "Post_SE": 0.036499989063824775, "Pre_85th": 18.487982358729045, "Post_85th": 17.869982824226106, "Pre_95th": 21.59808211290287, "Post_95th": 20.67851044976118, "Pre_Max_85th": 48.0, "Post_Max_85th": 25.0}