{"Intersection": "Clinton & Seirra Bonita", "Pre_Mean": 15.1572742535104, "Post_Mean": 14.947747419222683, "Pre_Std": 1.7230831505128636, "Post_Std": 1.51877897520799, "Pre_SE": 0.04397967804007907, "Post_SE": 0.0371207591782232}