{"Intersection": "77th & Standford", "Pre_Mean": 15.606855842400968, "Post_Mean": 15.843687150837988, "Pre_Std": 1.3279980406943588, "Post_Std": 1.313246577195792, "Pre_SE": 0.08572190492342219, "Post_SE": 0.08476970204905325, "Pre_85th": 18.522935779816514, "Post_85th": 20.85139664804469, "Pre_95th": 22.767015148282482, "Post_95th": 24.447709497206702}