{"Intersection": "Hoover & 110th Pl", "Pre_Mean": 28.78419530431965, "Post_Mean": 18.137880791977125, "Pre_Std": 5.96886572926482, "Post_Std": 1.0682224059522125, "Pre_SE": 0.20594543340522686, "Post_SE": 0.036857174603272445}