{"Intersection": "Menlo & 43rd St", "Pre_Mean": 17.071060698957695, "Post_Mean": 18.570803923816385, "Pre_Std": 0.9976461357490578, "Post_Std": 2.1690718052196147, "Pre_SE": 0.06439778115273807, "Post_SE": 0.14001298297239376, "Pre_85th": 22.087063151440834, "Post_85th": 24.846158885085895, "Pre_95th": 25.553443695074595, "Post_95th": 28.59486104515009, "Pre_Max_85th": 33.0, "Post_Max_85th": 37.0, "T_Statistic": -11.578019559355711, "P_Value": 6.663355585860606e-25, "Pre_Volume": 48930, "Post_Volume": 61063, "Combined Volume": 109993, "Pre_Treatment_Volume": 48930, "Post_Treatment_Volume": 61063, "Combined_Volumne": 109993}