{"Intersection": "Orhpis & Kelton St", "Pre_Mean": 11.208842213835299, "Post_Mean": 12.869985591623582, "Pre_Std": 0.6990088533198242, "Post_Std": 0.7704336954241997, "Pre_SE": 0.03410813954732435, "Post_SE": 0.03759331497832422}