{"Intersection": "Superior and Oakdale Ave", "Pre_Mean": 17.822795323073368, "Post_Mean": 16.71081864408528, "Pre_Std": 1.4887421507062266, "Post_Std": 1.4262481353246113, "Pre_SE": 0.051366484247181585, "Post_SE": 0.04921023586318838, "Pre_85th": 21.35722590942246, "Post_85th": 20.182284199560613, "Pre_95th": 24.670455776466596, "Post_95th": 23.543118830773675, "Pre_Max_85th": 35.0, "Post_Max_85th": 43.0, "T_Statistic": 22.54341222174834, "P_Value": 2.271650200523183e-87, "Pre_Volume": 138467, "Post_Volume": 96953, "Combined Volume": 235420, "Pre_Treatment_Volume": 138467, "Post_Treatment_Volume": 96953, "Combined_Volumne": 235420}