{"Intersection": "Yosemite Dr to Vincent St", "Pre_Mean": 28.81942469845123, "Post_Mean": 18.33072959651891, "Pre_Std": 2.3462860558242076, "Post_Std": 3.155686672606881, "Pre_SE": 0.04047727998723745, "Post_SE": 0.054440767221042005, "Pre_85th": 35.37144671307267, "Post_85th": 24.558111281933122, "Pre_95th": 38.532352302941504, "Post_95th": 27.87838161386802, "Pre_Max_85th": 45.0, "Post_Max_85th": 42.0}