{"Intersection": "Clinton & Seirra Bonita", "Pre_Mean": 15.1572742535104, "Post_Mean": 14.947747419222683, "Pre_Std": 1.7230831505128636, "Post_Std": 1.51877897520799, "Pre_SE": 0.04397967804007907, "Post_SE": 0.0371207591782232, "Pre_85th": 18.850381633302295, "Post_85th": 18.165536662119635, "Pre_95th": 22.378767859672262, "Post_95th": 21.469690216681748, "Pre_Max_85th": 28.0, "Post_Max_85th": 28.0, "T_Statistic": 9.157614371891889, "P_Value": 1.8291207835854487e-19, "Pre_Volume": 430649, "Post_Volume": 444246, "Combined Volume": 874895, "Pre_Treatment_Volume": 430649, "Post_Treatment_Volume": 444246, "Combined_Volumne": 874895}