{"Intersection": "Euclid & Oregon St", "Pre_Mean": 18.194134709405994, "Post_Mean": 15.031148702316296, "Pre_Std": 1.2794576439975063, "Post_Std": 1.7263931047068435, "Pre_SE": 0.06265531039221243, "Post_SE": 0.0843398222272008, "Pre_85th": 24.539525112504347, "Post_85th": 19.229633127965137, "Pre_95th": 27.338846936567542, "Post_95th": 21.98291528791926, "Pre_Max_85th": 30.0, "Post_Max_85th": 27.0, "T_Statistic": 40.69874757381857, "P_Value": 5.776557965530489e-147, "Pre_Volume": 365803, "Post_Volume": 326284, "Combined Volume": 692087, "Pre_Treatment_Volume": 365803, "Post_Treatment_Volume": 326284, "Combined_Volumne": 692087}