{"Intersection": "Hobart Blvd & Maplewood Avee", "Pre_Mean": 14.996048394965362, "Post_Mean": 13.791735910219323, "Pre_Std": 0.817404518043096, "Post_Std": 0.765059797536625, "Pre_SE": 0.0398852564393359, "Post_SE": 0.03733109561129912, "Pre_85th": 19.68205028132826, "Post_85th": 18.304548532036684, "Pre_95th": 22.425781377044913, "Post_95th": 21.22910896370612, "Pre_Max_85th": 26.0, "Post_Max_85th": 29.0, "T_Statistic": 20.724491327961687, "P_Value": 3.818005423413453e-66, "Pre_Volume": 61494, "Post_Volume": 48741, "Combined Volume": 110235, "Pre_Treatment_Volume": 61494, "Post_Treatment_Volume": 48741, "Combined_Volumne": 110235}