{"Intersection": "Hoover & 110th Pl", "Pre_Mean": 27.55226056312618, "Post_Mean": 23.218433586424222, "Pre_Std": 2.075598369518781, "Post_Std": 0.5742848492931816, "Pre_SE": 0.10127883001126176, "Post_SE": 0.028022231315922665, "Pre_85th": 35.27937168492838, "Post_85th": 30.84239216457463, "Pre_95th": 38.97422753569152, "Post_95th": 34.3795452038237, "Pre_Max_85th": 42.0, "Post_Max_85th": 38.0, "T_Statistic": 41.80233502912447, "P_Value": 1.4194221984309722e-151, "Pre_Volume": 415715, "Post_Volume": 416978, "Combined Volume": 832693, "Pre_Treatment_Volume": 415715, "Post_Treatment_Volume": 416978, "Combined_Volumne": 832693}