{"Intersection": "Orhpis & Kelton St", "Pre_Mean": 11.208842213835299, "Post_Mean": 12.869985591623582, "Pre_Std": 0.6990088533198242, "Post_Std": 0.7704336954241997, "Pre_SE": 0.03410813954732435, "Post_SE": 0.03759331497832422, "Pre_85th": 15.499706978597716, "Post_85th": 17.03402593507755, "Pre_95th": 18.156278081217717, "Post_95th": 19.999361076520866, "Pre_Max_85th": 18.0, "Post_Max_85th": 19.0, "T_Statistic": -51.67567912223141, "P_Value": 7.046585750544423e-184, "Pre_Volume": 127977, "Post_Volume": 153383, "Combined Volume": 281360, "Pre_Treatment_Volume": 127977, "Post_Treatment_Volume": 153383, "Combined_Volumne": 281360}