{"Intersection": "Reno & 2nd St", "Pre_Mean": 24.342651999137633, "Post_Mean": 26.711390227804557, "Pre_Std": 1.5709776690957968, "Post_Std": 1.596665604353757, "Pre_SE": 0.05420387919694695, "Post_SE": 0.05509019716755367, "Pre_85th": 25.20909143008408, "Post_85th": 21.49870597411948, "Pre_95th": 28.37596777582805, "Post_95th": 24.51262825256505, "Pre_Max_85th": 39.0, "Post_Max_85th": 29.0, "T_Statistic": -43.54170989886186, "P_Value": 1.7448892159095268e-217, "Pre_Volume": 366433, "Post_Volume": 499990, "Combined Volume": 866423, "Pre_Treatment_Volume": 366433, "Post_Treatment_Volume": 499990, "Combined_Volumne": 866423}