{"Intersection": "Romaine St & St Andrews", "Pre_Mean": 15.524209951799048, "Post_Mean": 15.32262396694215, "Pre_Std": 1.8110420904040543, "Post_Std": 0.7480111119844866, "Pre_SE": 0.06248688865536101, "Post_SE": 0.025808835319293556, "Pre_85th": 22.108888458743603, "Post_85th": 20.807135478158205, "Pre_95th": 25.62019934060843, "Post_95th": 24.54720705430933, "Pre_Max_85th": 57.0, "Post_Max_85th": 30.0, "T_Statistic": 1.9838734710649097, "P_Value": 0.047595463285652624, "Pre_Volume": 315139, "Post_Volume": 271040, "Combined Volume": 586179, "Pre_Treatment_Volume": 315139, "Post_Treatment_Volume": 271040, "Combined_Volumne": 586179}