{"Intersection": "Vernon & 5th St", "Pre_Mean": 19.81516248817953, "Post_Mean": 18.3893408867193, "Pre_Std": 1.221388235395208, "Post_Std": 0.8071636507975054, "Pre_SE": 0.06069126936138221, "Post_SE": 0.0411368687659489, "Pre_85th": 23.25091680697465, "Post_85th": 24.70590007834629, "Pre_95th": 25.945683511313053, "Post_95th": 27.96020410213142, "Pre_Max_85th": 34.0, "Post_Max_85th": 36.0, "T_Statistic": 12.345769746071731, "P_Value": 1.2928601743343425e-27, "Pre_Volume": 43357, "Post_Volume": 49779, "Combined Volume": 93136, "Pre_Treatment_Volume": 43357, "Post_Treatment_Volume": 49779, "Combined_Volumne": 93136}