{"Intersection": "Baird St and Hart Ave", "Pre_Mean": 12.674600645617145, "Post_Mean": 12.458785655461556, "Pre_Std": 2.3179143911500315, "Post_Std": 1.347012796763137, "Pre_SE": 0.0829414980156877, "Post_SE": 0.04650404617514363, "Pre_85th": 12.74836171185525, "Post_85th": 16.653795762521526, "Pre_95th": 15.36927638232727, "Post_95th": 19.967797783933516, "Pre_Max_85th": 34.0, "Post_Max_85th": 26.0, "T_Statistic": 4.116220710224726, "P_Value": 4.454939726309361e-05, "Pre_Volume": 72179, "Post_Volume": 106856, "Combined Volume": 179035}