{"Intersection": "Michigan St: 16th St", "Pre_Mean": 21.32021868137003, "Post_Mean": 17.72603138207765, "Pre_Std": 0.7496825710173968, "Post_Std": 0.6001101930269451, "Pre_SE": 0.03658076378720607, "Post_SE": 0.029282379057607704, "Pre_85th": 27.638646169182124, "Post_85th": 22.8406598107493, "Pre_95th": 31.727255735713285, "Post_95th": 25.917010318098594, "Pre_Max_85th": 35.0, "Post_Max_85th": 35.0, "T_Statistic": 69.7852410676479, "P_Value": 8.238144113990384e-233, "Pre_Volume": 64203, "Post_Volume": 58441, "Combined Volume": 122644}