{"Intersection": "Michigan St: 18th St", "Pre_Mean": 19.18050725025416, "Post_Mean": 17.84842880602012, "Pre_Std": 1.1473827721937386, "Post_Std": 1.9267895247458366, "Pre_SE": 0.05598654655418799, "Post_SE": 0.06648055455643623, "Pre_85th": 25.094520841136497, "Post_85th": 23.239625017936003, "Pre_95th": 29.70718069452619, "Post_95th": 27.300814693174754, "Pre_Max_85th": 36.0, "Post_Max_85th": 36.0, "T_Statistic": 417.01366094822134, "P_Value": 0.0, "Pre_Volume": 37378, "Post_Volume": 62723, "Combined Volume": 100101}