{"Intersection": "Michigan St: 16th and 18th St", "Pre_Mean": 18.709115893181227, "Post_Mean": 17.154129660925534, "Pre_Std": 2.6373262407239357, "Post_Std": 1.66868536003422, "Pre_SE": 0.06442090903032173, "Post_SE": 0.040723876120003166, "Pre_85th": 24.01853253824216, "Post_85th": 21.92133807965673, "Pre_95th": 27.951029297381385, "Post_95th": 25.055170016660075, "Pre_Max_85th": 34.0, "Post_Max_85th": 38.0, "T_Statistic": 28.649775275584897, "P_Value": 1.795599765653977e-140}