{"Intersection": "5th Ave & 30th St", "Pre_Mean": 17.96812942504361, "Post_Mean": 16.776646022209523, "Pre_Std": 1.8337670173988279, "Post_Std": 1.6865307866562187, "Pre_SE": 0.05083999613336662, "Post_SE": 0.0452362789271986, "Pre_85th": 23.011485446523242, "Post_85th": 21.54960847606839, "Pre_95th": 27.068461196429183, "Post_95th": 25.173714612260028, "Pre_Max_85th": 35.0, "Post_Max_85th": 34.0, "T_Statistic": 27.859072708014555, "P_Value": 4.0980703070009205e-134, "Pre_Volume": 152485, "Post_Volume": 134189, "Combined Volume": 286674, "Pre_Date": "['Jun 01, 2021 - Jun 01, 2022']", "Post_Date": "['Jun 01, 2023 - Jun 01, 2024']"}