{"Intersection": "Avenue 50 & Meridian St", "Pre_Mean": 16.375894815569005, "Post_Mean": 14.129798127171924, "Pre_Std": 1.3268766943987642, "Post_Std": 0.7881150969315787, "Pre_SE": 0.06062654362175917, "Post_SE": 0.036085311390332456, "Pre_85th": 20.5302524652601, "Post_85th": 17.764402118647816, "Pre_95th": 24.536047162044106, "Post_95th": 21.650608801761415, "Pre_Max_85th": 28.0, "Post_Max_85th": 26.0, "T_Statistic": 44.22124645359517, "P_Value": 1.6656839689782323e-170, "Pre_Volume": 159163, "Post_Volume": 113170, "Combined Volume": 272333, "Pre_Treatment_Volume": 159163, "Post_Treatment_Volume": 113170, "Combined_Volumne": 272333, "Pre_Date": "['Jun 01, 2021 - Jun 01, 2022']", "Post_Date": "['Jun 01, 2023 - Jun 01, 2024']"}