{"Intersection": "Ellenwood Dr & Addison Way", "Pre_Mean": 18.766212365683682, "Post_Mean": 15.303956671403213, "Pre_Std": 1.4232623289176138, "Post_Std": 0.8097812031204001, "Pre_SE": 0.04342929844711896, "Post_SE": 0.024121579011869038, "Pre_85th": 23.60244086649044, "Post_85th": 18.70965261971296, "Pre_95th": 27.82594665110371, "Post_95th": 21.374452021957993, "Pre_Max_85th": 43.0, "Post_Max_85th": 46.0, "T_Statistic": 40.053986262540285, "P_Value": 7.390457299784966e-191, "Pre_Volume": 240770, "Post_Volume": 235942, "Combined Volume": 476712, "Pre_Treatment_Volume": 240770, "Post_Treatment_Volume": 235942, "Combined_Volumne": 476712}