{"Intersection": "McKinley Ave & E. 88th Pl", "Pre_Mean": 16.905292631590473, "Post_Mean": 15.920569103276206, "Pre_Std": 0.9161672444892708, "Post_Std": 0.8405364340083734, "Pre_SE": 0.022595598745088947, "Post_SE": 0.020568295713553595, "Pre_85th": 22.156301918397624, "Post_85th": 20.94370451777705, "Pre_95th": 26.809873630449122, "Post_95th": 25.600897020821577, "Pre_Max_85th": 40.0, "Post_Max_85th": 37.0, "T_Statistic": 35.208112107310185, "P_Value": 1.4747526272962223e-202, "Pre_Volume": 367309, "Post_Volume": 337190, "Combined Volume": 704499, "Pre_Treatment_Volume": 367309, "Post_Treatment_Volume": 337190, "Combined_Volumne": 704499}