{"Intersection": "Nebraska Ave & Purdue Ave", "Pre_Mean": 16.028770166541545, "Post_Mean": 15.0753878827463, "Pre_Std": 1.313557926401166, "Post_Std": 1.3270295445154818, "Pre_SE": 0.03204753190492555, "Post_SE": 0.032376205732437935, "Pre_85th": 20.670848335350627, "Post_85th": 19.430494699188117, "Pre_95th": 24.69628154253934, "Post_95th": 23.202955564879257, "Pre_Max_85th": 44.0, "Post_Max_85th": 35.0, "T_Statistic": 21.649577066681005, "P_Value": 7.495403224003133e-92, "Pre_Volume": 326345, "Post_Volume": 462382, "Combined Volume": 788727, "Pre_Treatment_Volume": 326345, "Post_Treatment_Volume": 462382, "Combined_Volumne": 788727}