{"Intersection": "Neptune & F Ave", "Pre_Mean": 16.859289336893497, "Post_Mean": 15.754036690944071, "Pre_Std": 0.9230829193361056, "Post_Std": 0.7845720540425479, "Pre_SE": 0.04257864003429837, "Post_SE": 0.03607466147884116, "Pre_85th": 22.10573049152355, "Post_85th": 20.70765768860794, "Pre_95th": 26.709746733446035, "Post_95th": 25.20463446475196, "Pre_Max_85th": 36.0, "Post_Max_85th": 29.0, "T_Statistic": 26.995811659059342, "P_Value": 4.151902995502367e-97, "Pre_Volume": 63621, "Post_Volume": 58396, "Combined Volume": 122017, "Pre_Treatment_Volume": 63621, "Post_Treatment_Volume": 58396, "Combined_Volumne": 122017}