{"Intersection": "Neptune & G Ave", "Pre_Mean": 15.981633146263526, "Post_Mean": 14.919834160065152, "Pre_Std": 0.8376661767806767, "Post_Std": 0.7586912289449217, "Pre_SE": 0.03880413631447493, "Post_SE": 0.03495864650942033, "Pre_85th": 21.009465374184366, "Post_85th": 19.739660916561782, "Pre_95th": 24.507545447222146, "Post_95th": 22.98353446361146, "Pre_Max_85th": 27.0, "Post_Max_85th": 29.0, "T_Statistic": 25.14813877376653, "P_Value": 1.959773865425836e-88, "Pre_Volume": 74916, "Post_Volume": 67949, "Combined Volume": 142865, "Pre_Treatment_Volume": 74916, "Post_Treatment_Volume": 67949, "Combined_Volumne": 142865}