{"Intersection": "Romaine St & Serrano Ave", "Pre_Mean": 15.260356865787433, "Post_Mean": 13.893222383598804, "Pre_Std": 2.211245266483709, "Post_Std": 1.3374901928878191, "Pre_SE": 0.05769338468298395, "Post_SE": 0.03268008673942247, "Pre_85th": 19.658021972521833, "Post_85th": 19.335228841329478, "Pre_95th": 27.96437598538502, "Post_95th": 24.225966559037822, "Pre_Max_85th": 34.0, "Post_Max_85th": 29.0, "T_Statistic": 21.580285652567003, "P_Value": 6.312172094058119e-90, "Pre_Volume": 412085, "Post_Volume": 333406, "Combined Volume": 745491, "Pre_Treatment_Volume": 412085, "Post_Treatment_Volume": 333406, "Combined_Volumne": 745491}