{"Intersection": "Rosewood Ave & Martel Ave", "Pre_Mean": 15.960321316360574, "Post_Mean": 15.414131875987225, "Pre_Std": 1.1064266626301833, "Post_Std": 1.015764380614799, "Pre_SE": 0.028231049596400604, "Post_SE": 0.025750649240895134, "Pre_85th": 19.43071242774066, "Post_85th": 18.603538407544, "Pre_95th": 22.020397136296097, "Post_95th": 21.048561910625004, "Pre_Max_85th": 26.0, "Post_Max_85th": 24.0, "T_Statistic": 31.728680036157712, "P_Value": 5.26906529154571e-170, "Pre_Volume": 866151, "Post_Volume": 869035, "Combined Volume": 1735186, "Pre_Treatment_Volume": 866151, "Post_Treatment_Volume": 869035, "Combined_Volumne": 1735186}