{"Intersection": "St Andrews Pl & 29th St", "Pre_Mean": 16.65328590151657, "Post_Mean": 15.925464963779916, "Pre_Std": 1.9672821234937599, "Post_Std": 1.5574026905903087, "Pre_SE": 0.051788517615097965, "Post_SE": 0.03878987694950865, "Pre_85th": 21.34861969252533, "Post_85th": 20.55867389601359, "Pre_95th": 24.18603257816888, "Post_95th": 23.295389530943307, "Pre_Max_85th": 32.0, "Post_Max_85th": 27.0, "T_Statistic": 25.837465811768958, "P_Value": 3.6910254842642398e-121, "Pre_Volume": 246066, "Post_Volume": 228747, "Combined Volume": 474813, "Pre_Treatment_Volume": 246066, "Post_Treatment_Volume": 228747, "Combined_Volumne": 474813}