{"Intersection": "St Andrews Pl & 31st", "Pre_Mean": 17.130274514941124, "Post_Mean": 16.095266202784053, "Pre_Std": 1.4507281565061, "Post_Std": 1.0153943537694596, "Pre_SE": 0.03539414284406985, "Post_SE": 0.02477308559787861, "Pre_85th": 21.92871854213062, "Post_85th": 20.88662118649519, "Pre_95th": 26.67836193470445, "Post_95th": 25.376713546810144, "Pre_Max_85th": 37.0, "Post_Max_85th": 36.0, "T_Statistic": 31.67577017511553, "P_Value": 1.412046131596071e-172, "Pre_Volume": 274812, "Post_Volume": 264291, "Combined Volume": 539103, "Pre_Treatment_Volume": 274812, "Post_Treatment_Volume": 264291, "Combined_Volumne": 539103}