{"Intersection": "Woodlawn Ave & 41st Pl", "Pre_Mean": 16.962371999663244, "Post_Mean": 15.68318638754811, "Pre_Std": 1.2050240943386237, "Post_Std": 1.8367271528645739, "Pre_SE": 0.03261590285991616, "Post_SE": 0.04586088849509844, "Pre_85th": 22.001116610466894, "Post_85th": 20.66437637218172, "Pre_95th": 24.649355511934882, "Post_95th": 24.471778838579255, "Pre_Max_85th": 32.0, "Post_Max_85th": 32.0, "T_Statistic": 18.087793202255348, "P_Value": 1.0683568478510024e-65, "Pre_Volume": 466789, "Post_Volume": 491131, "Combined Volume": 957920, "Pre_Treatment_Volume": 466789, "Post_Treatment_Volume": 491131, "Combined_Volumne": 957920}